<?xml version="1.0" encoding="utf-8"?>
<ApplicationInstallerManifest>
   <DefaultInstallationDirectory>/Applications/Rajamangala_University_of_Technology_Phra/Multispectral_Image_Enhancement/</DefaultInstallationDirectory>
   <ApplicationName>Multispectral_Image_Enhancement</ApplicationName>
   <ExecutableName>application/Multispectral_Image_Enhancement.exe</ExecutableName>
   <GUID>24c98a21-428a-4ff3-aaf9-00d2c572d468</GUID>
   <ApplicationIcon>icon_48.png</ApplicationIcon>
   <Logo>default_logo.png</Logo>
   <Version>1.0</Version>
   <AuthorOrganization>Rajamangala University of Technology Phra</AuthorOrganization>
   <WelcomePanelText>Multispectral_Image_Enhancement 1.0
Thaweesak Trongtirakul
thaweesak.tr@rmutp.ac.th</WelcomePanelText>
   <MCRProducts>
      <MCRProduct>
         <ExternalProductIdentifier>35002</ExternalProductIdentifier>
      </MCRProduct>
      <MCRProduct>
         <ExternalProductIdentifier>35003</ExternalProductIdentifier>
      </MCRProduct>
      <MCRProduct>
         <ExternalProductIdentifier>35010</ExternalProductIdentifier>
      </MCRProduct>
      <MCRProduct>
         <ExternalProductIdentifier>35117</ExternalProductIdentifier>
      </MCRProduct>
   </MCRProducts>
</ApplicationInstallerManifest>